{
    "machine-1-4": {
        "best f1 under pa": {
            "f1": 0.5777777777777773,
            "precision": 0.4254545454545455,
            "recall": 0.9,
            "threshold": 118.17092895507812
        },
        "event-based f1 under pa with mode log": {
            "f1": 0.3199999999999996,
            "precision": 0.6666666666666665,
            "recall": 0.21052631578947367,
            "threshold": 2106.3115234375
        },
        "event-based f1 under pa with mode squeeze": {
            "f1": 0.31578947368421,
            "precision": 0.4285714285714285,
            "recall": 0.24999999999999997,
            "threshold": 2106.3115234375
        }
    },
    "machine-1-3": {
        "best f1 under pa": {
            "f1": 0.8774662512980265,
            "precision": 0.8055290753098189,
            "recall": 0.9635119726339795,
            "threshold": 73.28724670410156
        },
        "event-based f1 under pa with mode log": {
            "f1": 0.46153846153846106,
            "precision": 0.5172413793103449,
            "recall": 0.4166666666666667,
            "threshold": 1394.130615234375
        },
        "event-based f1 under pa with mode squeeze": {
            "f1": 0.26666666666666616,
            "precision": 0.2222222222222222,
            "recall": 0.33333333333333326,
            "threshold": 1394.130615234375
        }
    },
    "machine-1-2": {
        "best f1 under pa": {
            "f1": 0.8864027538726329,
            "precision": 0.9035087719298246,
            "recall": 0.8699324324324325,
            "threshold": 24.39345932006836
        },
        "event-based f1 under pa with mode log": {
            "f1": 0.7457627118644062,
            "precision": 0.7586206896551724,
            "recall": 0.7333333333333333,
            "threshold": 63.016441345214844
        },
        "event-based f1 under pa with mode squeeze": {
            "f1": 0.5833333333333327,
            "precision": 0.49999999999999994,
            "recall": 0.6999999999999998,
            "threshold": 63.016441345214844
        }
    },
    "machine-1-5": {
        "best f1 under pa": {
            "f1": 0.8923076923076918,
            "precision": 0.928,
            "recall": 0.8592592592592593,
            "threshold": 1295.55712890625
        },
        "event-based f1 under pa with mode log": {
            "f1": 0.7199999999999994,
            "precision": 0.9999999999999998,
            "recall": 0.5625,
            "threshold": 27237.6328125
        },
        "event-based f1 under pa with mode squeeze": {
            "f1": 0.7272727272727267,
            "precision": 0.9999999999999998,
            "recall": 0.5714285714285714,
            "threshold": 27237.6328125
        }
    },
    "machine-1-6": {
        "best f1 under pa": {
            "f1": 0.9537357085881409,
            "precision": 0.9789847161572053,
            "recall": 0.9297563504406429,
            "threshold": 777.5878295898438
        },
        "event-based f1 under pa with mode log": {
            "f1": 0.20942408376963303,
            "precision": 0.16260162601626016,
            "recall": 0.29411764705882354,
            "threshold": 339.7380065917969
        },
        "event-based f1 under pa with mode squeeze": {
            "f1": 0.08633093525179822,
            "precision": 0.05504587155963303,
            "recall": 0.2,
            "threshold": 339.7380065917969
        }
    },
    "machine-1-1": {
        "best f1 under pa": {
            "f1": 0.9879781420765021,
            "precision": 0.9840348330914369,
            "recall": 0.991953182150695,
            "threshold": 240614.96875
        },
        "event-based f1 under pa with mode log": {
            "f1": 0.5098039215686271,
            "precision": 0.37142857142857144,
            "recall": 0.8125,
            "threshold": 240614.96875
        },
        "event-based f1 under pa with mode squeeze": {
            "f1": 0.22222222222222193,
            "precision": 0.9999999999999989,
            "recall": 0.12499999999999997,
            "threshold": 105477848.0
        }
    },
    "machine-1-8": {
        "best f1 under pa": {
            "f1": 0.8692264885920975,
            "precision": 0.8361884368308351,
            "recall": 0.9049826187717266,
            "threshold": 35.74727249145508
        },
        "event-based f1 under pa with mode log": {
            "f1": 0.4637681159420285,
            "precision": 0.8,
            "recall": 0.32653061224489793,
            "threshold": 195.32237243652344
        },
        "event-based f1 under pa with mode squeeze": {
            "f1": 0.34482758620689613,
            "precision": 0.5555555555555555,
            "recall": 0.25,
            "threshold": 195.32237243652344
        }
    },
    "machine-1-7": {
        "best f1 under pa": {
            "f1": 0.9813915857605173,
            "precision": 0.9778315195485692,
            "recall": 0.9849776695087292,
            "threshold": 40.150489807128906
        },
        "event-based f1 under pa with mode log": {
            "f1": 0.6744186046511622,
            "precision": 0.6444444444444445,
            "recall": 0.7073170731707317,
            "threshold": 60.69171905517578
        },
        "event-based f1 under pa with mode squeeze": {
            "f1": 0.454545454545454,
            "precision": 0.5555555555555555,
            "recall": 0.3846153846153846,
            "threshold": 137.07875061035156
        }
    }
}