{
    "machine-1-4": {
        "best f1 under pa": {
            "f1": 0.5911490052781155,
            "precision": 0.4325609031491384,
            "recall": 0.9333333333333333,
            "threshold": 118.105224609375
        },
        "event-based f1 under pa with mode log": {
            "f1": 0.3333333333333329,
            "precision": 0.7999999999999998,
            "recall": 0.21052631578947367,
            "threshold": 2375.429931640625
        },
        "event-based f1 under pa with mode squeeze": {
            "f1": 0.35294117647058776,
            "precision": 0.5999999999999999,
            "recall": 0.24999999999999997,
            "threshold": 2375.429931640625
        }
    },
    "machine-1-3": {
        "best f1 under pa": {
            "f1": 0.8799526907155524,
            "precision": 0.914004914004914,
            "recall": 0.8483466362599772,
            "threshold": 148.98822021484375
        },
        "event-based f1 under pa with mode log": {
            "f1": 0.4225352112676051,
            "precision": 0.42857142857142855,
            "recall": 0.4166666666666667,
            "threshold": 1173.1080322265625
        },
        "event-based f1 under pa with mode squeeze": {
            "f1": 0.22222222222222177,
            "precision": 0.16666666666666666,
            "recall": 0.33333333333333326,
            "threshold": 1173.1080322265625
        }
    },
    "machine-1-2": {
        "best f1 under pa": {
            "f1": 0.8826049700085684,
            "precision": 0.8956521739130435,
            "recall": 0.8699324324324325,
            "threshold": 23.1706485748291
        },
        "event-based f1 under pa with mode log": {
            "f1": 0.7213114754098355,
            "precision": 0.7096774193548387,
            "recall": 0.7333333333333333,
            "threshold": 61.39282989501953
        },
        "event-based f1 under pa with mode squeeze": {
            "f1": 0.5384615384615379,
            "precision": 0.4375,
            "recall": 0.6999999999999998,
            "threshold": 61.39282989501953
        }
    },
    "machine-1-5": {
        "best f1 under pa": {
            "f1": 0.8169014084507036,
            "precision": 0.7785234899328859,
            "recall": 0.8592592592592593,
            "threshold": 403.4537658691406
        },
        "event-based f1 under pa with mode log": {
            "f1": 0.7199999999999994,
            "precision": 0.9999999999999998,
            "recall": 0.5625,
            "threshold": 28089.58203125
        },
        "event-based f1 under pa with mode squeeze": {
            "f1": 0.7272727272727267,
            "precision": 0.9999999999999998,
            "recall": 0.5714285714285714,
            "threshold": 28089.58203125
        }
    },
    "machine-1-6": {
        "best f1 under pa": {
            "f1": 0.9536089326066723,
            "precision": 0.9787175989085948,
            "recall": 0.9297563504406429,
            "threshold": 798.2546997070312
        },
        "event-based f1 under pa with mode log": {
            "f1": 0.1975308641975304,
            "precision": 0.1702127659574468,
            "recall": 0.23529411764705882,
            "threshold": 798.2546997070312
        },
        "event-based f1 under pa with mode squeeze": {
            "f1": 0.07142857142857104,
            "precision": 0.04878048780487805,
            "recall": 0.13333333333333333,
            "threshold": 798.2546997070312
        }
    },
    "machine-1-1": {
        "best f1 under pa": {
            "f1": 0.9879781420765021,
            "precision": 0.9840348330914369,
            "recall": 0.991953182150695,
            "threshold": 232608.578125
        },
        "event-based f1 under pa with mode log": {
            "f1": 0.7368421052631574,
            "precision": 0.84,
            "recall": 0.65625,
            "threshold": 313985.34375
        },
        "event-based f1 under pa with mode squeeze": {
            "f1": 0.49999999999999933,
            "precision": 0.4999999999999999,
            "recall": 0.4999999999999999,
            "threshold": 313985.34375
        }
    },
    "machine-1-8": {
        "best f1 under pa": {
            "f1": 0.8722316865417371,
            "precision": 0.8552338530066815,
            "recall": 0.8899188876013905,
            "threshold": 41.74722671508789
        },
        "event-based f1 under pa with mode log": {
            "f1": 0.4637681159420285,
            "precision": 0.8,
            "recall": 0.32653061224489793,
            "threshold": 188.30625915527344
        },
        "event-based f1 under pa with mode squeeze": {
            "f1": 0.34482758620689613,
            "precision": 0.5555555555555555,
            "recall": 0.25,
            "threshold": 188.30625915527344
        }
    },
    "machine-1-7": {
        "best f1 under pa": {
            "f1": 0.9808660624370589,
            "precision": 0.9732214228617106,
            "recall": 0.9886317498984978,
            "threshold": 38.77882385253906
        },
        "event-based f1 under pa with mode log": {
            "f1": 0.6444444444444439,
            "precision": 0.5918367346938775,
            "recall": 0.7073170731707317,
            "threshold": 57.16679000854492
        },
        "event-based f1 under pa with mode squeeze": {
            "f1": 0.47619047619047555,
            "precision": 0.6249999999999999,
            "recall": 0.3846153846153846,
            "threshold": 146.02627563476562
        }
    }
}