{
    "machine-1-4": {
        "best f1 under pa": {
            "f1": 0.6009811937857722,
            "precision": 0.4411764705882353,
            "recall": 0.9423076923076923,
            "threshold": 147.33633422851562
        },
        "event-based f1 under pa with mode log": {
            "f1": 0.2325581395348835,
            "precision": 0.9999999999999998,
            "recall": 0.13157894736842105,
            "threshold": 6231.01318359375
        },
        "event-based f1 under pa with mode squeeze": {
            "f1": 0.28571428571428537,
            "precision": 0.9999999999999996,
            "recall": 0.16666666666666663,
            "threshold": 6231.01318359375
        }
    },
    "machine-1-3": {
        "best f1 under pa": {
            "f1": 0.9137931034482754,
            "precision": 0.9212050984936269,
            "recall": 0.9064994298745724,
            "threshold": 113.30073547363281
        },
        "event-based f1 under pa with mode log": {
            "f1": 0.5316455696202526,
            "precision": 0.4883720930232558,
            "recall": 0.5833333333333334,
            "threshold": 184.38372802734375
        },
        "event-based f1 under pa with mode squeeze": {
            "f1": 0.3414634146341459,
            "precision": 0.2413793103448276,
            "recall": 0.5833333333333333,
            "threshold": 184.38372802734375
        }
    },
    "machine-1-2": {
        "best f1 under pa": {
            "f1": 0.8941798941798936,
            "precision": 0.9354243542435424,
            "recall": 0.856418918918919,
            "threshold": 28.493850708007812
        },
        "event-based f1 under pa with mode log": {
            "f1": 0.6984126984126978,
            "precision": 0.6666666666666666,
            "recall": 0.7333333333333333,
            "threshold": 61.107810974121094
        },
        "event-based f1 under pa with mode squeeze": {
            "f1": 0.4999999999999994,
            "precision": 0.6666666666666665,
            "recall": 0.3999999999999999,
            "threshold": 131.29779052734375
        }
    },
    "machine-1-5": {
        "best f1 under pa": {
            "f1": 0.7530120481927707,
            "precision": 0.6345177664974619,
            "recall": 0.9259259259259259,
            "threshold": 181.55467224121094
        },
        "event-based f1 under pa with mode log": {
            "f1": 0.7199999999999994,
            "precision": 0.9999999999999998,
            "recall": 0.5625,
            "threshold": 26880.20703125
        },
        "event-based f1 under pa with mode squeeze": {
            "f1": 0.7272727272727267,
            "precision": 0.9999999999999998,
            "recall": 0.5714285714285714,
            "threshold": 26880.20703125
        }
    },
    "machine-1-6": {
        "best f1 under pa": {
            "f1": 0.9629530201342277,
            "precision": 0.998608017817372,
            "recall": 0.9297563504406429,
            "threshold": 805.73974609375
        },
        "event-based f1 under pa with mode log": {
            "f1": 0.3595505617977524,
            "precision": 0.7619047619047619,
            "recall": 0.23529411764705882,
            "threshold": 805.73974609375
        },
        "event-based f1 under pa with mode squeeze": {
            "f1": 0.20512820512820476,
            "precision": 0.44444444444444436,
            "recall": 0.13333333333333333,
            "threshold": 805.73974609375
        }
    },
    "machine-1-1": {
        "best f1 under pa": {
            "f1": 0.9854651162790693,
            "precision": 0.9790613718411553,
            "recall": 0.991953182150695,
            "threshold": 325216.3125
        },
        "event-based f1 under pa with mode log": {
            "f1": 0.571428571428571,
            "precision": 0.6666666666666666,
            "recall": 0.5,
            "threshold": 419191.21875
        },
        "event-based f1 under pa with mode squeeze": {
            "f1": 0.36363636363636315,
            "precision": 0.6666666666666665,
            "recall": 0.24999999999999994,
            "threshold": 495286.0625
        }
    },
    "machine-1-8": {
        "best f1 under pa": {
            "f1": 0.8866587957497044,
            "precision": 0.9037304452466908,
            "recall": 0.8702201622247973,
            "threshold": 74.6885757446289
        },
        "event-based f1 under pa with mode log": {
            "f1": 0.467532467532467,
            "precision": 0.6428571428571429,
            "recall": 0.3673469387755102,
            "threshold": 89.84284210205078
        },
        "event-based f1 under pa with mode squeeze": {
            "f1": 0.33333333333333304,
            "precision": 0.9999999999999998,
            "recall": 0.2,
            "threshold": 187.22213745117188
        }
    },
    "machine-1-7": {
        "best f1 under pa": {
            "f1": 0.9762052555348639,
            "precision": 0.9953586497890295,
            "recall": 0.9577750710515631,
            "threshold": 99.45537567138672
        },
        "event-based f1 under pa with mode log": {
            "f1": 0.7160493827160489,
            "precision": 0.725,
            "recall": 0.7073170731707317,
            "threshold": 99.45537567138672
        },
        "event-based f1 under pa with mode squeeze": {
            "f1": 0.5454545454545447,
            "precision": 0.6666666666666665,
            "recall": 0.46153846153846145,
            "threshold": 146.38294982910156
        }
    }
}