{
    "best f1 under pa": {
        "f1": 0.8818812548248145,
        "precision": 0.8746839757473686,
        "recall": 0.9107026857094817
    },
    "event-based f1 under pa with mode log": {
        "f1": 0.5644326821332682,
        "precision": 0.7317928674627513,
        "recall": 0.5425415535544555
    },
    "event-based f1 under pa with mode squeeze": {
        "f1": 0.44084878536098,
        "precision": 0.6466164044289043,
        "recall": 0.3887362637362637
    }
}