{
    "best f1 under pa": {
        "f1": 0.8782858000341733,
        "precision": 0.8549414872902794,
        "recall": 0.9255466856496831
    },
    "event-based f1 under pa with mode log": {
        "f1": 0.5130894874167895,
        "precision": 0.6151254221901825,
        "recall": 0.5079364560329909
    },
    "event-based f1 under pa with mode squeeze": {
        "f1": 0.3751235498979133,
        "precision": 0.5396188291830492,
        "recall": 0.35179716117216114
    }
}