{
    "best f1 under pa": {
        "f1": 0.8800087533540143,
        "precision": 0.8679457009531597,
        "recall": 0.9153261124248695
    },
    "event-based f1 under pa with mode log": {
        "f1": 0.5776320324593436,
        "precision": 0.7384532987884928,
        "recall": 0.5669000393268133
    },
    "event-based f1 under pa with mode squeeze": {
        "f1": 0.4337040802860308,
        "precision": 0.6194735991562615,
        "recall": 0.44154075091575085
    }
}