{
    "best f1 under pa": {
        "f1": 0.8841126049263158,
        "precision": 0.8622605408481422,
        "recall": 0.9311803503572146
    },
    "event-based f1 under pa with mode log": {
        "f1": 0.5473654353355568,
        "precision": 0.6942887437077404,
        "recall": 0.5383604985104867
    },
    "event-based f1 under pa with mode squeeze": {
        "f1": 0.42433540743455866,
        "precision": 0.6019067737817736,
        "recall": 0.3954670329670329
    }
}