{
    "best f1 under pa": {
        "f1": 0.8706616122643639,
        "precision": 0.8514936486085507,
        "recall": 0.9138914789220285
    },
    "event-based f1 under pa with mode log": {
        "f1": 0.5299706937322417,
        "precision": 0.6675372935721988,
        "recall": 0.4810522648565203
    },
    "event-based f1 under pa with mode squeeze": {
        "f1": 0.404168037281627,
        "precision": 0.4916878387533875,
        "recall": 0.3903388278388278
    }
}