{
    "train_and_valid": 266.68684133701026,
    "test": 0.1299471529200673
}