{
    "train_and_valid": 237.83317797724158,
    "test": 0.12929898872971535
}