{
    "machine-3-7": {
        "best f1 under pa": {
            "f1": 0.9110320284697503,
            "precision": 1.0,
            "recall": 0.8366013071895425,
            "threshold": 44142.11328125
        },
        "event-based f1 under pa with mode log": {
            "f1": 0.6956521739130428,
            "precision": 0.9999999999999998,
            "recall": 0.5333333333333332,
            "threshold": 44142.11328125
        },
        "event-based f1 under pa with mode squeeze": {
            "f1": 0.5714285714285708,
            "precision": 0.9999999999999996,
            "recall": 0.3999999999999999,
            "threshold": 44142.11328125
        }
    },
    "machine-3-9": {
        "best f1 under pa": {
            "f1": 0.9273021001615503,
            "precision": 0.9695945945945946,
            "recall": 0.8885448916408669,
            "threshold": 103.03715515136719
        },
        "event-based f1 under pa with mode log": {
            "f1": 0.6666666666666661,
            "precision": 0.9999999999999999,
            "recall": 0.49999999999999994,
            "threshold": 25661.552734375
        },
        "event-based f1 under pa with mode squeeze": {
            "f1": 0.666666666666666,
            "precision": 0.9999999999999996,
            "recall": 0.4999999999999999,
            "threshold": 25661.552734375
        }
    },
    "machine-3-8": {
        "best f1 under pa": {
            "f1": 0.9890575361807266,
            "precision": 0.9783519553072626,
            "recall": 1.0,
            "threshold": 132.3208770751953
        },
        "event-based f1 under pa with mode log": {
            "f1": 0.7599999999999995,
            "precision": 0.7307692307692307,
            "recall": 0.7916666666666666,
            "threshold": 186.52163696289062
        },
        "event-based f1 under pa with mode squeeze": {
            "f1": 0.5555555555555549,
            "precision": 0.41666666666666663,
            "recall": 0.8333333333333333,
            "threshold": 186.52163696289062
        }
    },
    "machine-3-1": {
        "best f1 under pa": {
            "f1": 0.932907348242811,
            "precision": 0.9798657718120806,
            "recall": 0.8902439024390244,
            "threshold": 80.02034759521484
        },
        "event-based f1 under pa with mode log": {
            "f1": 0.7096774193548382,
            "precision": 0.6470588235294118,
            "recall": 0.7857142857142856,
            "threshold": 80.02034759521484
        },
        "event-based f1 under pa with mode squeeze": {
            "f1": 0.5714285714285707,
            "precision": 0.6666666666666665,
            "recall": 0.4999999999999999,
            "threshold": 3058.345947265625
        }
    },
    "machine-3-6": {
        "best f1 under pa": {
            "f1": 0.9980023971234514,
            "precision": 0.9960127591706539,
            "recall": 1.0,
            "threshold": 267.2511901855469
        },
        "event-based f1 under pa with mode log": {
            "f1": 0.9382716049382711,
            "precision": 0.8837209302325582,
            "recall": 1.0,
            "threshold": 267.2511901855469
        },
        "event-based f1 under pa with mode squeeze": {
            "f1": 0.8148148148148141,
            "precision": 0.6875,
            "recall": 0.9999999999999999,
            "threshold": 267.2511901855469
        }
    },
    "machine-3-11": {
        "best f1 under pa": {
            "f1": 0.9999999999999996,
            "precision": 1.0,
            "recall": 1.0,
            "threshold": 21692036.0
        },
        "event-based f1 under pa with mode log": {
            "f1": 0.9999999999999993,
            "precision": 0.9999999999999998,
            "recall": 0.9999999999999998,
            "threshold": 21692036.0
        },
        "event-based f1 under pa with mode squeeze": {
            "f1": 0.9999999999999991,
            "precision": 0.9999999999999997,
            "recall": 0.9999999999999997,
            "threshold": 21692036.0
        }
    },
    "machine-3-5": {
        "best f1 under pa": {
            "f1": 0.7512820512820507,
            "precision": 0.979933110367893,
            "recall": 0.6091476091476091,
            "threshold": 2918.570556640625
        },
        "event-based f1 under pa with mode log": {
            "f1": 0.6399999999999995,
            "precision": 0.7272727272727273,
            "recall": 0.5714285714285714,
            "threshold": 2918.570556640625
        },
        "event-based f1 under pa with mode squeeze": {
            "f1": 0.5217391304347819,
            "precision": 0.49999999999999994,
            "recall": 0.5454545454545454,
            "threshold": 2918.570556640625
        }
    },
    "machine-3-2": {
        "best f1 under pa": {
            "f1": 0.95400788436268,
            "precision": 0.9688612099644128,
            "recall": 0.9396031061259706,
            "threshold": 75.47981262207031
        },
        "event-based f1 under pa with mode log": {
            "f1": 0.43902439024390194,
            "precision": 0.33962264150943394,
            "recall": 0.6206896551724138,
            "threshold": 75.47981262207031
        },
        "event-based f1 under pa with mode squeeze": {
            "f1": 0.3333333333333329,
            "precision": 0.9999999999999996,
            "recall": 0.19999999999999996,
            "threshold": 620.31494140625
        }
    },
    "machine-3-10": {
        "best f1 under pa": {
            "f1": 0.940298507462686,
            "precision": 0.9767441860465116,
            "recall": 0.9064748201438849,
            "threshold": 9.518882751464844
        },
        "event-based f1 under pa with mode log": {
            "f1": 0.6818181818181813,
            "precision": 0.6,
            "recall": 0.7894736842105263,
            "threshold": 10.172514915466309
        },
        "event-based f1 under pa with mode squeeze": {
            "f1": 0.465116279069767,
            "precision": 0.3333333333333333,
            "recall": 0.7692307692307692,
            "threshold": 10.172514915466309
        }
    },
    "machine-3-3": {
        "best f1 under pa": {
            "f1": 0.944634313055365,
            "precision": 0.985734664764622,
            "recall": 0.9068241469816273,
            "threshold": 40.26221466064453
        },
        "event-based f1 under pa with mode log": {
            "f1": 0.8318584070796455,
            "precision": 0.8245614035087719,
            "recall": 0.8392857142857143,
            "threshold": 40.26221466064453
        },
        "event-based f1 under pa with mode squeeze": {
            "f1": 0.7586206896551718,
            "precision": 0.6875,
            "recall": 0.8461538461538461,
            "threshold": 40.26221466064453
        }
    },
    "machine-3-4": {
        "best f1 under pa": {
            "f1": 0.9086215797625189,
            "precision": 0.9565217391304348,
            "recall": 0.8652900688298918,
            "threshold": 16573.58984375
        },
        "event-based f1 under pa with mode log": {
            "f1": 0.3529411764705878,
            "precision": 0.5999999999999999,
            "recall": 0.25,
            "threshold": 36232.13671875
        },
        "event-based f1 under pa with mode squeeze": {
            "f1": 0.15384615384615333,
            "precision": 0.19999999999999996,
            "recall": 0.12499999999999997,
            "threshold": 36232.13671875
        }
    }
}