{
    "best f1 under pa": {
        "f1": 0.9300767822365206,
        "precision": 0.9788141374733893,
        "recall": 0.8923410395665662
    },
    "event-based f1 under pa with mode log": {
        "f1": 0.7007722555291817,
        "precision": 0.7416294834858609,
        "recall": 0.702013261995113
    },
    "event-based f1 under pa with mode squeeze": {
        "f1": 0.5881272597189506,
        "precision": 0.6389631610219845,
        "recall": 0.6091438864166135
    }
}