{
    "train_and_valid": 173.28963366802782,
    "test": 0.09670159127563238
}