{
    "train_and_valid": 194.8801195761189,
    "test": 0.10140745714306831
}