{
    "machine-1-7": {
        "best f1 under pa": {
            "f1": 0.9794255449174978,
            "precision": 0.9828291087489779,
            "recall": 0.976045473000406,
            "threshold": 36.628292083740234
        },
        "event-based f1 under pa with mode log": {
            "f1": 0.5811965811965807,
            "precision": 0.4473684210526316,
            "recall": 0.8292682926829268,
            "threshold": 36.628292083740234
        },
        "event-based f1 under pa with mode squeeze": {
            "f1": 0.3999999999999994,
            "precision": 0.41666666666666663,
            "recall": 0.3846153846153846,
            "threshold": 75.4380111694336
        }
    },
    "machine-1-8": {
        "best f1 under pa": {
            "f1": 0.9530041641879828,
            "precision": 0.9792176039119804,
            "recall": 0.9281575898030128,
            "threshold": 15.334344863891602
        },
        "event-based f1 under pa with mode log": {
            "f1": 0.7252747252747247,
            "precision": 0.7857142857142857,
            "recall": 0.673469387755102,
            "threshold": 18.3165340423584
        },
        "event-based f1 under pa with mode squeeze": {
            "f1": 0.5882352941176465,
            "precision": 0.7142857142857142,
            "recall": 0.5,
            "threshold": 26.48760223388672
        }
    },
    "machine-1-6": {
        "best f1 under pa": {
            "f1": 0.9828512925518296,
            "precision": 0.9706774519716885,
            "recall": 0.995334370139969,
            "threshold": 35.81861114501953
        },
        "event-based f1 under pa with mode log": {
            "f1": 0.5161290322580641,
            "precision": 0.35555555555555557,
            "recall": 0.9411764705882353,
            "threshold": 35.81861114501953
        },
        "event-based f1 under pa with mode squeeze": {
            "f1": 0.32183908045976983,
            "precision": 0.19444444444444445,
            "recall": 0.9333333333333333,
            "threshold": 35.81861114501953
        }
    },
    "machine-1-1": {
        "best f1 under pa": {
            "f1": 0.9535864978902948,
            "precision": 0.9180771834800271,
            "recall": 0.991953182150695,
            "threshold": 88539.328125
        },
        "event-based f1 under pa with mode log": {
            "f1": 0.27027027027027,
            "precision": 0.9999999999999998,
            "recall": 0.15625,
            "threshold": 93099560.0
        },
        "event-based f1 under pa with mode squeeze": {
            "f1": 0.22222222222222193,
            "precision": 0.9999999999999989,
            "recall": 0.12499999999999997,
            "threshold": 93099560.0
        }
    },
    "machine-1-2": {
        "best f1 under pa": {
            "f1": 0.8856405846947544,
            "precision": 0.9019264448336253,
            "recall": 0.8699324324324325,
            "threshold": 23.25739860534668
        },
        "event-based f1 under pa with mode log": {
            "f1": 0.7213114754098355,
            "precision": 0.7096774193548387,
            "recall": 0.7333333333333333,
            "threshold": 59.09639358520508
        },
        "event-based f1 under pa with mode squeeze": {
            "f1": 0.5384615384615379,
            "precision": 0.4375,
            "recall": 0.6999999999999998,
            "threshold": 59.09639358520508
        }
    },
    "machine-1-5": {
        "best f1 under pa": {
            "f1": 0.7441860465116273,
            "precision": 1.0,
            "recall": 0.5925925925925926,
            "threshold": 26054.291015625
        },
        "event-based f1 under pa with mode log": {
            "f1": 0.7199999999999994,
            "precision": 0.9999999999999998,
            "recall": 0.5625,
            "threshold": 26054.291015625
        },
        "event-based f1 under pa with mode squeeze": {
            "f1": 0.7272727272727267,
            "precision": 0.9999999999999998,
            "recall": 0.5714285714285714,
            "threshold": 26054.291015625
        }
    },
    "machine-1-4": {
        "best f1 under pa": {
            "f1": 0.646408839779005,
            "precision": 0.5043103448275862,
            "recall": 0.9,
            "threshold": 51.955238342285156
        },
        "event-based f1 under pa with mode log": {
            "f1": 0.2325581395348835,
            "precision": 0.9999999999999998,
            "recall": 0.13157894736842105,
            "threshold": 6232.14404296875
        },
        "event-based f1 under pa with mode squeeze": {
            "f1": 0.28571428571428537,
            "precision": 0.9999999999999996,
            "recall": 0.16666666666666663,
            "threshold": 6232.14404296875
        }
    },
    "machine-1-3": {
        "best f1 under pa": {
            "f1": 0.9145607701564374,
            "precision": 0.9681528662420382,
            "recall": 0.8665906499429875,
            "threshold": 52.440574645996094
        },
        "event-based f1 under pa with mode log": {
            "f1": 0.6499999999999995,
            "precision": 0.5909090909090909,
            "recall": 0.7222222222222222,
            "threshold": 81.11491394042969
        },
        "event-based f1 under pa with mode squeeze": {
            "f1": 0.4210526315789469,
            "precision": 0.3076923076923077,
            "recall": 0.6666666666666665,
            "threshold": 81.11491394042969
        }
    }
}