{
    "machine-1-7": {
        "best f1 under pa": {
            "f1": 0.9871330920788092,
            "precision": 0.9776981282357626,
            "recall": 0.9967519285424279,
            "threshold": 29.34205436706543
        },
        "event-based f1 under pa with mode log": {
            "f1": 0.7945205479452049,
            "precision": 0.90625,
            "recall": 0.7073170731707317,
            "threshold": 57.16020202636719
        },
        "event-based f1 under pa with mode squeeze": {
            "f1": 0.6666666666666661,
            "precision": 0.7272727272727272,
            "recall": 0.6153846153846153,
            "threshold": 57.16020202636719
        }
    },
    "machine-1-8": {
        "best f1 under pa": {
            "f1": 0.92658852560148,
            "precision": 0.9907651715039578,
            "recall": 0.8702201622247973,
            "threshold": 38.999168395996094
        },
        "event-based f1 under pa with mode log": {
            "f1": 0.6506024096385536,
            "precision": 0.7941176470588235,
            "recall": 0.5510204081632653,
            "threshold": 38.999168395996094
        },
        "event-based f1 under pa with mode squeeze": {
            "f1": 0.5333333333333329,
            "precision": 0.7999999999999998,
            "recall": 0.4,
            "threshold": 43.67143249511719
        }
    },
    "machine-1-6": {
        "best f1 under pa": {
            "f1": 0.9635997313633305,
            "precision": 1.0,
            "recall": 0.9297563504406429,
            "threshold": 769.526123046875
        },
        "event-based f1 under pa with mode log": {
            "f1": 0.3809523809523806,
            "precision": 1.0,
            "recall": 0.23529411764705882,
            "threshold": 769.526123046875
        },
        "event-based f1 under pa with mode squeeze": {
            "f1": 0.2352941176470586,
            "precision": 0.9999999999999998,
            "recall": 0.13333333333333333,
            "threshold": 769.526123046875
        }
    },
    "machine-1-1": {
        "best f1 under pa": {
            "f1": 0.9682256337022486,
            "precision": 0.9456066945606695,
            "recall": 0.991953182150695,
            "threshold": 108252.703125
        },
        "event-based f1 under pa with mode log": {
            "f1": 0.45714285714285663,
            "precision": 0.42105263157894735,
            "recall": 0.5,
            "threshold": 147432.890625
        },
        "event-based f1 under pa with mode squeeze": {
            "f1": 0.2352941176470583,
            "precision": 0.22222222222222218,
            "recall": 0.24999999999999994,
            "threshold": 165780.125
        }
    },
    "machine-1-2": {
        "best f1 under pa": {
            "f1": 0.8933217692974842,
            "precision": 0.9180035650623886,
            "recall": 0.8699324324324325,
            "threshold": 25.40262222290039
        },
        "event-based f1 under pa with mode log": {
            "f1": 0.7096774193548381,
            "precision": 0.6875,
            "recall": 0.7333333333333333,
            "threshold": 60.3505973815918
        },
        "event-based f1 under pa with mode squeeze": {
            "f1": 0.521739130434782,
            "precision": 0.46153846153846145,
            "recall": 0.5999999999999999,
            "threshold": 71.49102020263672
        }
    },
    "machine-1-5": {
        "best f1 under pa": {
            "f1": 0.7441860465116273,
            "precision": 1.0,
            "recall": 0.5925925925925926,
            "threshold": 27014.1484375
        },
        "event-based f1 under pa with mode log": {
            "f1": 0.7199999999999994,
            "precision": 0.9999999999999998,
            "recall": 0.5625,
            "threshold": 27014.1484375
        },
        "event-based f1 under pa with mode squeeze": {
            "f1": 0.7272727272727267,
            "precision": 0.9999999999999998,
            "recall": 0.5714285714285714,
            "threshold": 27014.1484375
        }
    },
    "machine-1-4": {
        "best f1 under pa": {
            "f1": 0.6307277628032341,
            "precision": 0.4854771784232365,
            "recall": 0.9,
            "threshold": 75.80117797851562
        },
        "event-based f1 under pa with mode log": {
            "f1": 0.2325581395348835,
            "precision": 0.9999999999999998,
            "recall": 0.13157894736842105,
            "threshold": 6231.6953125
        },
        "event-based f1 under pa with mode squeeze": {
            "f1": 0.28571428571428537,
            "precision": 0.9999999999999996,
            "recall": 0.16666666666666663,
            "threshold": 6231.6953125
        }
    },
    "machine-1-3": {
        "best f1 under pa": {
            "f1": 0.9040097205346289,
            "precision": 0.9674902470741222,
            "recall": 0.8483466362599772,
            "threshold": 97.49684143066406
        },
        "event-based f1 under pa with mode log": {
            "f1": 0.5977011494252867,
            "precision": 0.5098039215686274,
            "recall": 0.7222222222222222,
            "threshold": 97.49684143066406
        },
        "event-based f1 under pa with mode squeeze": {
            "f1": 0.41666666666666613,
            "precision": 0.41666666666666663,
            "recall": 0.41666666666666663,
            "threshold": 183.4940643310547
        }
    }
}