{
    "best f1 under pa": {
        "f1": 0.8824579675861786,
        "precision": 0.9031488755019904,
        "recall": 0.890075786257762
    },
    "event-based f1 under pa with mode log": {
        "f1": 0.5520925279930446,
        "precision": 0.7361530965733003,
        "recall": 0.5937248317437801
    },
    "event-based f1 under pa with mode squeeze": {
        "f1": 0.4380997224783918,
        "precision": 0.6338236416361415,
        "recall": 0.5059638278388278
    }
}