{
    "best f1 under pa": {
        "f1": 0.8772240352366053,
        "precision": 0.9106301231075171,
        "recall": 0.8749441605804457
    },
    "event-based f1 under pa with mode log": {
        "f1": 0.5678943629992504,
        "precision": 0.7898405250257997,
        "recall": 0.5179082627381291
    },
    "event-based f1 under pa with mode squeeze": {
        "f1": 0.452747630672822,
        "precision": 0.7034625097125097,
        "recall": 0.3941849816849816
    }
}