{
    "train_and_valid": 67.53922842536122,
    "test": 0.09866415336728096
}