{
    "train_and_valid": 1127.1773301456124,
    "test": 0.1158374072983861
}