{
    "train_and_valid": 164.22097443509847,
    "test": 0.09481183998286724
}