{
    "train_and_valid": 23.480585899204016,
    "test": 0.04630196839570999
}