{
    "train_and_valid": 27.94734490569681,
    "test": 0.11946998629719019
}