{
    "train_and_valid": 23.178581175394356,
    "test": 0.0513676879927516
}