{
    "train_and_valid": 148.53907614480704,
    "test": 0.09428742155432701
}