{
    "train_and_valid": 148.9713371321559,
    "test": 0.0947885774075985
}