{
    "machine-2-2": {
        "best f1 under pa": {
            "f1": 0.9848252344416022,
            "precision": 0.970104131676184,
            "recall": 1.0,
            "threshold": 176.45103454589844
        },
        "event-based f1 under pa with mode log": {
            "f1": 0.6436781609195398,
            "precision": 0.56,
            "recall": 0.7567567567567568,
            "threshold": 1178.1651611328125
        },
        "event-based f1 under pa with mode squeeze": {
            "f1": 0.42857142857142805,
            "precision": 0.9999999999999997,
            "recall": 0.2727272727272727,
            "threshold": 29837.05859375
        }
    },
    "machine-2-5": {
        "best f1 under pa": {
            "f1": 0.9874125874125868,
            "precision": 0.9990566037735849,
            "recall": 0.976036866359447,
            "threshold": 77.73619079589844
        },
        "event-based f1 under pa with mode log": {
            "f1": 0.9622641509433957,
            "precision": 0.9807692307692307,
            "recall": 0.9444444444444444,
            "threshold": 77.73619079589844
        },
        "event-based f1 under pa with mode squeeze": {
            "f1": 0.9523809523809518,
            "precision": 0.9523809523809523,
            "recall": 0.9523809523809523,
            "threshold": 77.73619079589844
        }
    },
    "machine-2-4": {
        "best f1 under pa": {
            "f1": 0.9770821688093903,
            "precision": 0.9798206278026906,
            "recall": 0.9743589743589743,
            "threshold": 15.684500694274902
        },
        "event-based f1 under pa with mode log": {
            "f1": 0.8380952380952374,
            "precision": 0.8979591836734694,
            "recall": 0.7857142857142857,
            "threshold": 25.158079147338867
        },
        "event-based f1 under pa with mode squeeze": {
            "f1": 0.7804878048780483,
            "precision": 0.7619047619047619,
            "recall": 0.8,
            "threshold": 25.158079147338867
        }
    },
    "machine-2-3": {
        "best f1 under pa": {
            "f1": 0.7252032520325198,
            "precision": 0.7533783783783784,
            "recall": 0.6990595611285266,
            "threshold": 120.15411376953125
        },
        "event-based f1 under pa with mode log": {
            "f1": 0.5769230769230763,
            "precision": 0.5769230769230769,
            "recall": 0.5769230769230769,
            "threshold": 249.387939453125
        },
        "event-based f1 under pa with mode squeeze": {
            "f1": 0.461538461538461,
            "precision": 0.9999999999999997,
            "recall": 0.29999999999999993,
            "threshold": 1535.45458984375
        }
    },
    "machine-2-9": {
        "best f1 under pa": {
            "f1": 0.9503586800573883,
            "precision": 0.9857142857142858,
            "recall": 0.9174515235457064,
            "threshold": 27808.423828125
        },
        "event-based f1 under pa with mode log": {
            "f1": 0.7540983606557371,
            "precision": 0.9583333333333334,
            "recall": 0.6216216216216216,
            "threshold": 5162018.0
        },
        "event-based f1 under pa with mode squeeze": {
            "f1": 0.6249999999999994,
            "precision": 0.8333333333333333,
            "recall": 0.4999999999999999,
            "threshold": 5162018.0
        }
    },
    "machine-2-7": {
        "best f1 under pa": {
            "f1": 0.9586140519730504,
            "precision": 0.9540229885057471,
            "recall": 0.9632495164410058,
            "threshold": 27.19495964050293
        },
        "event-based f1 under pa with mode log": {
            "f1": 0.8048780487804873,
            "precision": 0.8918918918918919,
            "recall": 0.7333333333333333,
            "threshold": 37.2064323425293
        },
        "event-based f1 under pa with mode squeeze": {
            "f1": 0.7428571428571423,
            "precision": 0.8666666666666666,
            "recall": 0.65,
            "threshold": 37.80925750732422
        }
    },
    "machine-2-6": {
        "best f1 under pa": {
            "f1": 0.9569060773480657,
            "precision": 0.9752252252252253,
            "recall": 0.9392624728850325,
            "threshold": 55.18368148803711
        },
        "event-based f1 under pa with mode log": {
            "f1": 0.7586206896551719,
            "precision": 0.6666666666666666,
            "recall": 0.88,
            "threshold": 55.18368148803711
        },
        "event-based f1 under pa with mode squeeze": {
            "f1": 0.538461538461538,
            "precision": 0.3888888888888889,
            "recall": 0.8749999999999998,
            "threshold": 55.18368148803711
        }
    },
    "machine-2-1": {
        "best f1 under pa": {
            "f1": 0.9694565648552156,
            "precision": 0.9502332814930016,
            "recall": 0.9894736842105263,
            "threshold": 13.149279594421387
        },
        "event-based f1 under pa with mode log": {
            "f1": 0.7027027027027022,
            "precision": 0.7647058823529411,
            "recall": 0.65,
            "threshold": 93.32579040527344
        },
        "event-based f1 under pa with mode squeeze": {
            "f1": 0.6363636363636358,
            "precision": 0.7777777777777777,
            "recall": 0.5384615384615384,
            "threshold": 145.26019287109375
        }
    },
    "machine-2-8": {
        "best f1 under pa": {
            "f1": 0.9999999999999996,
            "precision": 1.0,
            "recall": 1.0,
            "threshold": 9139513.0
        },
        "event-based f1 under pa with mode log": {
            "f1": 0.9999999999999993,
            "precision": 0.9999999999999998,
            "recall": 0.9999999999999998,
            "threshold": 9139513.0
        },
        "event-based f1 under pa with mode squeeze": {
            "f1": 0.9999999999999983,
            "precision": 0.9999999999999989,
            "recall": 0.9999999999999989,
            "threshold": 9139513.0
        }
    }
}