{
    "best f1 under pa": {
        "f1": 0.9455398463255354,
        "precision": 0.9519506136187886,
        "recall": 0.93987695543658
    },
    "event-based f1 under pa with mode log": {
        "f1": 0.7823622698528162,
        "precision": 0.8108054739567345,
        "recall": 0.7720881687548354
    },
    "event-based f1 under pa with mode squeeze": {
        "f1": 0.6850734405612449,
        "precision": 0.8423280423280421,
        "recall": 0.6542855292855291
    }
}